country,year,code,alkohol_consumption,GDP,population,unemployment,HealthExpenditure
Albania,2000,ALB,6.57,5893.13623256329,3129246.0,19.03,355.1513333767939
Albania,2001,ALB,6.7860000000000005,6441.85345238676,3129701.0,18.58,361.67753287221126
Albania,2002,ALB,7.002000000000001,6754.53600301332,3126183.0,17.9,366.6291363700103
Albania,2003,ALB,7.218,7154.78482512179,3118017.0,16.99,487.50448842581983
Albania,2004,ALB,7.434,7580.62909108667,3104893.0,16.31,467.5457587712593
Albania,2005,ALB,7.65,8040.87871678112,3086810.0,15.97,417.03339859988625
Albania,2006,ALB,7.658,8569.19111251045,3063021.0,15.63,486.95453456059954
Albania,2007,ALB,7.666,9150.51874704368,3033993.0,15.97,610.781540017273
Albania,2008,ALB,7.674,9912.57724242974,3002683.0,13.06,575.9655211599426
Albania,2009,ALB,7.682,10313.926441304,2973044.0,13.67,556.0553860975814
Albania,2010,ALB,7.69,10749.4874481658,2948029.0,14.09,644.1482287918486
Andorra,2000,AND,13.28,44693.93848385274,65390.0,12.004999999999999,4917.109995192265
Andorra,2001,AND,13.134,45660.827997619264,67344.0,9.48,4181.579481609854
Andorra,2002,AND,12.988,46035.70850767601,70048.0,9.925,5479.943483501812
Andorra,2003,AND,12.842,46310.35913203542,73180.0,9.795,5509.645193704457
Andorra,2004,AND,12.696,47113.443532462145,76250.0,10.0,5376.937819463497
Andorra,2005,AND,12.55,47764.41283318518,78871.0,8.82,5571.621953391945
Andorra,2006,AND,12.262,48735.62455990368,80995.0,8.45,5755.3590227409395
Andorra,2007,AND,11.974,49588.8210728664,82682.0,7.945,5774.7970746068295
Andorra,2008,AND,11.686,49341.96298165728,83860.0,9.155,5802.635419332881
Andorra,2009,AND,11.398,47386.30145052078,84461.0,13.3,4646.314094806772
Andorra,2010,AND,11.11,47680.28873983769,84454.0,14.364999999999998,4444.744264336488
Austria,2000,AUT,13.12,46403.2776992589,8069276.0,4.69,5335.4080171136475
Austria,2001,AUT,13.053999999999998,46811.746772924,8097755.0,4.01,5085.8433315824295
Austria,2002,AUT,12.988,47351.3346982706,8134403.0,4.85,5034.823364242312
Austria,2003,AUT,12.921999999999999,47564.8638976916,8175855.0,4.78,4771.99366867096
Austria,2004,AUT,12.856,48563.5886574222,8216809.0,5.83,5820.03638601818
Austria,2005,AUT,12.79,49316.2647023136,8253656.0,5.63,4442.514365312719
Austria,2006,AUT,12.671999999999999,50767.8484448075,8285344.0,5.24,5167.397363271228
Austria,2007,AUT,12.553999999999998,52489.7572106205,8313731.0,4.86,5517.069398901765
Austria,2008,AUT,12.436,53089.8763414956,8341525.0,4.13,4812.827394917619
Austria,2009,AUT,12.318,50957.6063796813,8372657.0,5.3,5869.391680696603
Austria,2010,AUT,12.2,51769.1455641151,8409945.0,4.82,5165.580291663225
Belarus,2000,BLR,15.17,8053.17363808324,9871635.0,12.26,547.3319138096608
Belarus,2001,BLR,15.196,8477.08401148315,9811399.0,11.55,457.7287020813406
Belarus,2002,BLR,15.222,8961.64111959338,9745932.0,10.91,577.5558406736293
Belarus,2003,BLR,15.248000000000001,9660.19368845286,9679235.0,10.32,660.5183343811202
Belarus,2004,BLR,15.274000000000001,10839.9562728165,9616628.0,9.82,568.6076731443821
Belarus,2005,BLR,15.3,11940.1865961058,9562083.0,9.06,604.6676577575449
Belarus,2006,BLR,15.726,13214.87158024,9516884.0,8.4,798.8134409370689
Belarus,2007,BLR,16.152,14417.3535308989,9480514.0,7.67,786.656092700192
Belarus,2008,BLR,16.578,15942.8976797373,9452855.0,7.03,859.1633158975934
Belarus,2009,BLR,17.004,16010.439955622,9433159.0,6.1,1091.9311415152747
Belarus,2010,BLR,17.43,17288.4043493433,9420576.0,6.25,993.869641405152
Belgium,2000,BEL,12.49,43023.30716339,10282046.0,6.59,4192.718894429878
Belgium,2001,BEL,12.618,43347.0501969365,10319026.0,6.18,4183.8489883709735
Belgium,2002,BEL,12.746,43889.7485927091,10364879.0,6.91,4634.083281538205
Belgium,2003,BEL,12.874,44160.0566799357,10419029.0,7.68,4006.5176378993183
Belgium,2004,BEL,13.002,45539.5854609401,10480118.0,7.36,4599.324231195117
Belgium,2005,BEL,13.13,46341.2896407062,10546885.0,8.44,5316.386036095191
Belgium,2006,BEL,12.784,47211.6639573888,10619484.0,8.25,4686.2414707340085
Belgium,2007,BEL,12.438,48589.4600517703,10697576.0,7.46,4929.507063592982
Belgium,2008,BEL,12.092,48422.5782305146,10778764.0,6.98,5731.20199826508
Belgium,2009,BEL,11.746,47063.8790649801,10859934.0,7.91,5630.9869315499645
Belgium,2010,BEL,11.4,47971.6303134944,10938735.0,8.29,4461.076937973585
Bosnia and Herzegovina,2000,BIH,6.37,7114.5527648191,3751176.0,25.78,482.0249841352933
Bosnia and Herzegovina,2001,BIH,6.5360000000000005,7419.0134138563,3755514.0,26.61,395.9072894690079
Bosnia and Herzegovina,2002,BIH,6.702,7804.16871769608,3759389.0,27.55,455.4336755154881
Bosnia and Herzegovina,2003,BIH,6.868,8110.31643838943,3762179.0,28.36,494.62562855971464
Bosnia and Herzegovina,2004,BIH,7.034,8600.43670289933,3764194.0,29.37,578.3890194088931
Bosnia and Herzegovina,2005,BIH,7.2,9350.94404211336,3765332.0,30.41,543.8314714872749
Bosnia and Herzegovina,2006,BIH,7.224,9856.9688824779,3765422.0,31.11,576.4685026460669
Bosnia and Herzegovina,2007,BIH,7.248,10441.7963196058,3762791.0,28.98,727.8097977706049
Bosnia and Herzegovina,2008,BIH,7.272,11035.0385848851,3754261.0,23.41,606.7504203318049
Bosnia and Herzegovina,2009,BIH,7.296,10755.9711188788,3735945.0,24.07,669.1270990833661
Bosnia and Herzegovina,2010,BIH,7.32,10938.2850480476,3705478.0,27.31,548.0019546939196
Bulgaria,2000,BGR,11.8,10201.2781187994,7997951.0,16.22,640.9325050718425
Bulgaria,2001,BGR,11.724,10803.6192901151,7930700.0,19.92,710.5743695358946
Bulgaria,2002,BGR,11.648,11697.9536355983,7866242.0,18.11,659.4208134771987
Bulgaria,2003,BGR,11.572000000000001,12398.4353645885,7804306.0,13.73,736.4100028385302
Bulgaria,2004,BGR,11.496,13297.1135244978,7744630.0,12.04,879.1100835973263
Bulgaria,2005,BGR,11.42,14356.019677453,7686964.0,10.08,889.0259233208842
Bulgaria,2006,BGR,11.4,15449.4350933122,7631020.0,8.95,1038.106155377004
Bulgaria,2007,BGR,11.38,16583.9587844953,7576675.0,6.88,1160.283307241293
Bulgaria,2008,BGR,11.36,17717.1218284588,7524084.0,5.61,1078.3807429616402
Bulgaria,2009,BGR,11.34,17229.8494817825,7473509.0,6.82,924.9155526726494
Bulgaria,2010,BGR,11.32,17440.671883099,7425011.0,10.28,1159.911193135744
Croatia,2000,HRV,12.45,18183.5881144119,4428075.0,16.06,1014.8249724023154
Croatia,2001,HRV,12.022,19455.7815687732,4408073.0,15.82,1309.7930305447173
Croatia,2002,HRV,11.594,20548.4106590796,4395802.0,15.05,1446.1001687619298
Croatia,2003,HRV,11.166,21700.2987445833,4388909.0,13.92,1858.7562579645698
Croatia,2004,HRV,10.738,22595.5483294729,4383877.0,13.66,1659.8242484164628
Croatia,2005,HRV,10.31,23538.7544252511,4378066.0,12.6,1923.0364336905648
Croatia,2006,HRV,10.264000000000001,24708.2992912917,4370782.0,11.13,2011.4802422906819
Croatia,2007,HRV,10.218,25966.0969395053,4362427.0,9.91,2044.828085031145
Croatia,2008,HRV,10.172,26460.8959793295,4352639.0,8.53,2376.684789480789
Croatia,2009,HRV,10.126,24548.7918388197,4341261.0,9.2,2111.162473950893
Croatia,2010,HRV,10.08,24280.6026929712,4328163.0,11.62,1717.619356001811
Cyprus,2000,CYP,10.86,33013.9825138552,943288.0,4.97,2379.5030697418397
Cyprus,2001,CYP,11.174,33950.959832956,960274.0,3.98,2886.852600585192
Cyprus,2002,CYP,11.488,34813.6766698246,976968.0,3.3,2683.2478192428725
Cyprus,2003,CYP,11.802,35295.3649844909,993562.0,4.14,2952.4229881078986
Cyprus,2004,CYP,12.116,36576.8730925333,1010410.0,4.33,2652.0019706699604
Cyprus,2005,CYP,12.43,37803.5755253568,1027656.0,5.3,2718.6245733164765
Cyprus,2006,CYP,12.214,38930.6130534338,1045508.0,4.54,3383.386909389931
Cyprus,2007,CYP,11.998,40053.4137891646,1063708.0,3.92,4577.453401563158
Cyprus,2008,CYP,11.782,40484.6149094716,1081568.0,3.65,4344.758139979439
Cyprus,2009,CYP,11.565999999999999,38618.0093651325,1098089.0,5.36,3289.571831997467
Cyprus,2010,CYP,11.35,38379.0903965443,1112617.0,6.26,3399.9416537238008
Denmark,2000,DNK,12.67,48907.0114021027,5341192.0,4.48,4976.1597850164835
Denmark,2001,DNK,12.594,49133.2231026505,5358059.0,4.16,4694.4064359349995
Denmark,2002,DNK,12.517999999999999,49204.8990055345,5372798.0,4.27,5294.218349005785
Denmark,2003,DNK,12.442,49262.6449732556,5386968.0,5.4,4636.581413909071
Denmark,2004,DNK,12.366,50446.5416048985,5402754.0,5.2,4712.042187736392
Denmark,2005,DNK,12.29,51483.273786293,5421701.0,4.83,5453.002388477994
Denmark,2006,DNK,12.032,53322.2889991783,5444293.0,3.9,5164.688525035472
Denmark,2007,DNK,11.774,53569.0280238008,5469920.0,3.8,5530.972635408946
Denmark,2008,DNK,11.516,52982.5317373493,5497731.0,3.68,5971.253198400217
Denmark,2009,DNK,11.258,50114.0500523227,5526389.0,6.41,4650.3430535166035
Denmark,2010,DNK,11.0,50825.4122929358,5554849.0,7.75,4988.775684664779
Estonia,2000,EST,9.57,17778.9655754809,1399111.0,13.36,1030.8207804174258
Estonia,2001,EST,10.786,18962.4768450013,1391739.0,13.13,1117.4459390896839
Estonia,2002,EST,12.002,20381.0715821163,1382737.0,10.03,1828.3607539735908
Estonia,2003,EST,13.218,22061.2718205367,1372904.0,11.29,1952.5624922708541
Estonia,2004,EST,14.434000000000001,23695.4929298202,1363570.0,10.25,2043.2983299380714
Estonia,2005,EST,15.65,26093.1591109829,1355650.0,8.03,2152.7277828011356
Estonia,2006,EST,14.998000000000001,28798.4026229086,1349373.0,5.91,2146.8326275027925
Estonia,2007,EST,14.346,31121.1197640419,1344295.0,4.59,2331.8607669411986
Estonia,2008,EST,13.694,29616.6905059021,1340067.0,5.45,2331.1156286075075
Estonia,2009,EST,13.042000000000002,25390.753967296,1336140.0,13.55,1793.4157429888728
Estonia,2010,EST,12.39,26133.3818108942,1332103.0,16.71,1956.3721158360515
Finland,2000,FIN,11.69,39894.1944569685,5187953.0,11.13,3035.253760524394
Finland,2001,FIN,11.974,40842.3417724243,5200475.0,10.29,4548.397461364729
Finland,2002,FIN,12.258,41439.019233448,5213368.0,10.42,3758.3411664666023
Finland,2003,FIN,12.542,42168.6934671901,5227106.0,10.47,5046.761721421791
Finland,2004,FIN,12.825999999999999,43724.9661225981,5242175.0,10.36,4857.146439255498
Finland,2005,FIN,13.11,44786.9096643071,5258933.0,8.38,4063.897772757811
Finland,2006,FIN,13.006,46412.2003478176,5277490.0,7.72,4323.650095431281
Finland,2007,FIN,12.902,48664.265707071,5297741.0,6.85,5539.1361700379175
Finland,2008,FIN,12.798,48817.989492787,5319452.0,6.37,5503.276668817656
Finland,2009,FIN,12.693999999999999,44662.100140396,5342266.0,8.25,5054.991258928777
Finland,2010,FIN,12.59,45874.6613021399,5365784.0,8.39,5314.478551913741
France,2000,FRA,14.08,39732.2824515749,59015092.0,10.22,3017.9372970632203
France,2001,FRA,13.882,40226.6270677305,59384126.0,8.61,4604.165492875282
France,2002,FRA,13.684,40388.6256508389,59803434.0,8.7,3653.52015123123
France,2003,FRA,13.486,40433.4900386568,60251591.0,8.31,3762.9932995393933
France,2004,FRA,13.288,41272.6323754944,60697977.0,8.91,4340.204951490376
France,2005,FRA,13.09,41643.9888864457,61120128.0,8.49,4131.252332714936
France,2006,FRA,12.952,42367.5698646841,61508924.0,8.45,4575.34088298691
France,2007,FRA,12.814,43127.2128556843,61869229.0,7.66,5152.862123682301
France,2008,FRA,12.676,42996.2097818165,62209207.0,7.06,4347.792485910817
France,2009,FRA,12.538,41546.4905796298,62542883.0,8.74,4934.852841397817
France,2010,FRA,12.4,42147.6716766942,62879535.0,8.87,4198.582189221783
Germany,2000,DEU,14.16,42864.9328892862,81400883.0,7.92,4032.1357233548733
Germany,2001,DEU,13.984,43512.43267398,81453894.0,7.77,4602.365029319717
Germany,2002,DEU,13.808,43353.3388942422,81535124.0,8.48,4152.7938740854315
Germany,2003,DEU,13.632,43025.9877312919,81614371.0,9.78,4129.228768850769
Germany,2004,DEU,13.456,43541.0326202312,81646474.0,10.73,4771.293137262031
Germany,2005,DEU,13.28,43884.5352789987,81602739.0,11.17,4924.498618946849
Germany,2006,DEU,13.152,45610.7818923168,81472235.0,10.25,4313.631090398405
Germany,2007,DEU,13.024,47031.2137894261,81277836.0,8.66,4935.555519550002
Germany,2008,DEU,12.896,47573.0273603862,81065751.0,7.52,4290.34294354502
Germany,2009,DEU,12.768,44978.1198711897,80899961.0,7.74,4931.540910173359
Germany,2010,DEU,12.64,46929.9934093156,80827001.0,6.97,5473.69583954005
Greece,2000,GRC,10.18,29186.324547399,11082103.0,11.25,2378.551207448523
Greece,2001,GRC,10.29,30234.5959617275,11134447.0,10.46,2643.393235920455
Greece,2002,GRC,10.4,31305.6936704984,11182308.0,9.97,2677.0715746023593
Greece,2003,GRC,10.51,33040.7682982488,11218879.0,9.41,2711.0639504247906
Greece,2004,GRC,10.620000000000001,34627.1806747136,11234993.0,10.31,2866.6005053672216
Greece,2005,GRC,10.73,34732.6440722251,11224800.0,9.99,2490.9366486858507
Greece,2006,GRC,10.518,36585.8395603871,11185231.0,9.01,3195.7495616218007
Greece,2007,GRC,10.306000000000001,37687.4333370451,11120371.0,8.4,2823.426654910892
Greece,2008,GRC,10.094,37461.5387708945,11040312.0,7.76,2723.653072978687
Greece,2009,GRC,9.882,35756.2455188034,10959268.0,9.62,2942.9222098915443
Greece,2010,GRC,9.67,33753.6177475922,10887640.0,12.71,2658.4520531812045
Hungary,2000,HUN,14.27,19406.5213432499,10220509.0,6.56,1024.7811528557127
Hungary,2001,HUN,14.328,20243.5422548712,10193451.0,5.67,1764.4285450256548
Hungary,2002,HUN,14.386,21263.8088400796,10167286.0,5.61,1816.0230126023982
Hungary,2003,HUN,14.444,22195.8194585598,10141341.0,5.79,1798.6862888307708
Hungary,2004,HUN,14.502,23317.8691246987,10114481.0,5.83,1839.8192043664635
Hungary,2005,HUN,14.56,24355.7819172586,10085942.0,7.19,2013.4958115023785
Hungary,2006,HUN,14.066,25377.0522205332,10055657.0,7.49,1916.9416881563852
Hungary,2007,HUN,13.572000000000001,25477.9492943916,10024158.0,7.41,1818.5998654503203
Hungary,2008,HUN,13.078,25792.7025200493,9991867.0,7.82,2303.2622973434845
Hungary,2009,HUN,12.584,24102.0136912384,9959439.0,10.03,1732.2826661945799
Hungary,2010,HUN,12.09,24427.6287331225,9927380.0,11.17,2076.9369212731704
Iceland,2000,ISL,7.03,41530.5173238278,280439.0,1.94,4119.410903347165
Iceland,2001,ISL,7.172000000000001,42626.9230684437,282910.0,1.87,5090.821061910536
Iceland,2002,ISL,7.314,42484.5161077418,285329.0,2.99,3910.5559444102964
Iceland,2003,ISL,7.456,43095.3568616423,287955.0,4.0,5072.10473117886
Iceland,2004,ISL,7.598,46051.74388765,291102.0,4.03,5370.142905556429
Iceland,2005,ISL,7.74,48104.6518132004,294976.0,2.55,4653.805012736227
Iceland,2006,ISL,7.692,49956.8486452996,299727.0,2.83,5683.820293443806
Iceland,2007,ISL,7.644,52827.0101225049,305181.0,2.25,6184.4709362008025
Iceland,2008,ISL,7.596,52999.4375361804,310855.0,2.95,5332.01553784742
Iceland,2009,ISL,7.548,48770.9503367158,316057.0,7.22,4931.327072012266
Iceland,2010,ISL,7.5,47457.6229185836,320342.0,7.56,5015.209185899832
Ireland,2000,IRL,15.13,48628.4511384221,3783095.0,4.32,4387.667950637031
Ireland,2001,IRL,14.944,50401.8202970703,3842253.0,3.68,4979.258914586992
Ireland,2002,IRL,14.758000000000001,52483.4823820031,3907995.0,4.22,5459.957604016183
Ireland,2003,IRL,14.572,53184.8832221364,3980077.0,4.48,5995.909906679241
Ireland,2004,IRL,14.386,55763.260487446,4058131.0,4.49,6051.359002666441
Ireland,2005,IRL,14.2,57691.5616452959,4141218.0,4.34,5195.624501725502
Ireland,2006,IRL,13.774,58960.2155924038,4230619.0,4.41,6686.097217435704
Ireland,2007,IRL,13.347999999999999,60326.6541545205,4324649.0,4.98,6274.713973477049
Ireland,2008,IRL,12.922,56485.699245268,4415871.0,6.77,6255.766469305638
Ireland,2009,IRL,12.496,53077.386996912,4494572.0,12.61,5196.5297816308375
Ireland,2010,IRL,12.07,53725.033597612,4554330.0,14.53,5091.372491199129
Italy,2000,ITA,10.37,43053.93306429,56692178.0,10.84,4589.237823050689
Italy,2001,ITA,10.177999999999999,43869.4279411713,56875148.0,9.6,4264.579341007475
Italy,2002,ITA,9.985999999999999,43915.385340484,57182521.0,9.21,4235.994925521505
Italy,2003,ITA,9.794,43781.2199783421,57564589.0,8.87,3949.7871070576684
Italy,2004,ITA,9.602,44118.0366368665,57948421.0,7.87,5139.660262332593
Italy,2005,ITA,9.41,44260.8274173515,58281209.0,7.73,4983.21628779325
Italy,2006,ITA,8.996,44918.1703531499,58542619.0,6.78,4927.148319733711
Italy,2007,ITA,8.582,45356.5367193485,58747862.0,6.08,4965.0093807679605
Italy,2008,ITA,8.168,44623.6020153057,58922116.0,6.72,4854.911655490826
Italy,2009,ITA,7.754,42074.9212455091,59105622.0,7.75,4300.640125268682
Italy,2010,ITA,7.34,42664.3552727925,59325232.0,8.36,4177.109676747524
Latvia,2000,LVA,8.76,12863.3093474278,2384150.0,14.21,799.3081748718344
Latvia,2001,LVA,9.4,13854.4095642241,2358689.0,13.82,805.854482784528
Latvia,2002,LVA,10.040000000000001,15009.0599775092,2332528.0,13.83,883.289796818161
Latvia,2003,LVA,10.68,16433.0395197478,2305845.0,12.06,867.5750116515972
Latvia,2004,LVA,11.32,18025.7035021455,2278922.0,11.71,1033.830003942115
Latvia,2005,LVA,11.96,20175.8162019511,2251996.0,10.03,1635.9508259341592
Latvia,2006,LVA,11.894,22802.3663218124,2225063.0,7.03,1688.119221376436
Latvia,2007,LVA,11.828000000000001,25294.3887250425,2198089.0,6.05,2152.464144480007
Latvia,2008,LVA,11.762,24711.1074481853,2171248.0,7.74,1971.6518464801866
Latvia,2009,LVA,11.696000000000002,21540.0855594708,2144784.0,17.51,1666.0746833501723
Latvia,2010,LVA,11.63,21023.9013349872,2118855.0,19.48,1523.5400970312091
Liechtenstein,2000,LIE,12.805,63475.62105568787,33184.0,3.68,5893.329078414586
Liechtenstein,2001,LIE,12.687,64053.91421664366,33543.0,3.25,5796.783539886675
Liechtenstein,2002,LIE,12.568999999999999,64104.649653998036,33885.0,3.885,6894.423636602992
Liechtenstein,2003,LIE,12.451,63952.32978724362,34172.0,4.45,5940.049449149732
Liechtenstein,2004,LIE,12.333,65301.312643249075,34444.0,5.075,7119.201627196322
Liechtenstein,2005,LIE,12.215,66557.79345263304,34718.0,5.035,6712.021675799154
Liechtenstein,2006,LIE,12.133,68672.45801021112,34975.0,4.62,6966.10905828841
Liechtenstein,2007,LIE,12.050999999999998,70878.88069109118,35217.0,4.255,7342.708146415257
Liechtenstein,2008,LIE,11.969000000000001,71813.24142676326,35469.0,3.74,6570.648001763037
Liechtenstein,2009,LIE,11.887,69217.01174464962,35723.0,4.71,8147.557044340088
Liechtenstein,2010,LIE,11.805,70553.32969011828,35996.0,4.8100000000000005,7398.152388758458
Lithuania,2000,LTU,13.36,13846.6832884609,3501842.0,15.93,698.8149719410137
Lithuania,2001,LTU,13.908,14872.3790941775,3473623.0,16.84,873.4688774190363
Lithuania,2002,LTU,14.456,16004.4388997159,3444777.0,13.01,1016.7110253124649
Lithuania,2003,LTU,15.004000000000001,17839.7827376226,3414367.0,12.87,947.7931487657494
Lithuania,2004,LTU,15.552000000000001,19226.4692652314,3381134.0,10.68,1336.716488995806
Lithuania,2005,LTU,16.1,21053.1846048184,3344259.0,8.32,1644.5428947391392
Lithuania,2006,LTU,15.930000000000001,22977.9966473047,3303329.0,5.78,1777.1869489241285
Lithuania,2007,LTU,15.760000000000002,25835.3680157114,3258984.0,4.25,2258.7079901127076
Lithuania,2008,LTU,15.59,26784.8800343204,3212867.0,5.83,2068.726741346383
Lithuania,2009,LTU,15.42,23065.0619581523,3167270.0,13.79,1981.4676810029068
Lithuania,2010,LTU,15.25,23942.7603567557,3123825.0,17.81,1917.542101475836
Luxembourg,2000,LUX,14.32,95901.0204047436,436106.0,2.35,9090.095759520136
Luxembourg,2001,LUX,14.172,97165.5837389526,440197.0,1.81,10758.752060205934
Luxembourg,2002,LUX,14.024000000000001,99825.4635764877,443727.0,2.62,11871.415150765784
Luxembourg,2003,LUX,13.876,100226.521534938,447317.0,3.68,11585.10733934204
Luxembourg,2004,LUX,13.728,102381.312977526,451822.0,5.11,11960.169009194153
Luxembourg,2005,LUX,13.58,104025.415860951,457848.0,4.49,10504.37553876501
Luxembourg,2006,LUX,13.46,107681.016707959,465611.0,4.73,12525.668814750565
Luxembourg,2007,LUX,13.34,114889.17999422,474917.0,4.07,12522.595598450895
Luxembourg,2008,LUX,13.22,111409.723762355,485403.0,5.06,11856.594275370726
Luxembourg,2009,LUX,13.1,104598.831931338,496536.0,5.12,11538.847295092552
Luxembourg,2010,LUX,12.98,107703.453907485,507890.0,4.36,12824.495308220892
Malta,2000,MLT,5.72,27482.869065828,393649.0,6.32,2103.082059892738
Malta,2001,MLT,5.906,26956.7920092951,396324.0,7.11,2215.369474269328
Malta,2002,MLT,6.092,27442.9510776725,398720.0,6.9,2231.369459248711
Malta,2003,MLT,6.2780000000000005,28373.7573337025,400858.0,7.49,2242.874041487241
Malta,2004,MLT,6.464,28223.3625538651,402820.0,7.32,2515.88524565125
Malta,2005,MLT,6.65,28992.9245490961,404659.0,6.92,2197.0157301018567
Malta,2006,MLT,6.636,29612.6017959763,406330.0,6.8,2460.5786909739686
Malta,2007,MLT,6.622,30918.4982683604,407854.0,6.47,2438.3873788258634
Malta,2008,MLT,6.6080000000000005,31893.3586848943,409493.0,5.98,2739.4320866544253
Malta,2009,MLT,6.594,31294.902312803,411559.0,6.89,2271.918271657238
Malta,2010,MLT,6.58,32867.9400344911,414257.0,6.85,2349.384354048094
Moldova,2000,MDA,13.89,5074.37706419218,4202659.0,8.46,349.90674053631636
Moldova,2001,MDA,15.102,5395.96732756623,4187096.0,7.29,345.12880920392337
Moldova,2002,MDA,16.314,5830.3391258524,4178228.0,6.8,366.5797708076325
Moldova,2003,MDA,17.526,6232.66704790333,4173276.0,7.95,366.9191985848044
Moldova,2004,MDA,18.738,6710.46912061356,4167962.0,8.17,457.5213691549517
Moldova,2005,MDA,19.95,7231.32842221528,4159296.0,7.29,484.02781820062125
Moldova,2006,MDA,19.067999999999998,7599.52478276726,4146264.0,7.38,431.4265642021035
Moldova,2007,MDA,18.186,7845.66940111052,4130129.0,5.07,520.8576067379454
Moldova,2008,MDA,17.304,8473.7479217792,4112886.0,3.98,525.9136823097547
Moldova,2009,MDA,16.422,7975.38414539473,4097515.0,6.4,426.160320443643
Moldova,2010,MDA,15.54,8550.170639047,4086090.0,7.45,494.8377086955909
Monaco,2000,MCO,14.08,47678.73894188988,32148.0,10.22,4511.207043341874
Monaco,2001,MCO,13.882,48271.952481276596,32473.0,8.61,4813.812836622541
Monaco,2002,MCO,13.684,48466.35078100667,32804.0,8.7,4443.02218605547
Monaco,2003,MCO,13.486,48520.18804638815,33144.0,8.31,4891.781860362526
Monaco,2004,MCO,13.288,49527.15885059328,33499.0,8.91,5257.759572033653
Monaco,2005,MCO,13.09,49972.78666373484,33842.0,8.49,4934.894995067693
Monaco,2006,MCO,12.952,50841.083837620914,34189.0,8.45,5699.484280867585
Monaco,2007,MCO,12.814,51752.65542682116,34524.0,7.66,4944.766439648857
Monaco,2008,MCO,12.676,51595.4517381798,34860.0,7.06,5104.331490427426
Monaco,2009,MCO,12.538,49855.788695555755,35223.0,8.74,5734.740388599591
Monaco,2010,MCO,12.4,50577.206012033035,35609.0,8.87,4893.404397248509
Montenegro,2000,MNE,8.463333333333333,12418.9935413167,613558.0,28.59,738.2616780742742
Montenegro,2001,MNE,8.448,12505.1653850313,613170.0,28.74,850.9627390724667
Montenegro,2002,MNE,8.432666666666668,12692.2889684277,613371.0,29.13,867.0635490849754
Montenegro,2003,MNE,8.417333333333334,12955.5795786056,614081.0,29.52,814.5990761019821
Montenegro,2004,MNE,8.402,13505.0460059253,615137.0,30.01,733.0019719080636
Montenegro,2005,MNE,8.386666666666668,14048.8404403415,616388.0,30.31,879.3170740874067
Montenegro,2006,MNE,8.382,15233.3762173836,617863.0,25.1,830.3611878694064
Montenegro,2007,MNE,8.377333333333334,16248.3359258705,619554.0,19.4,876.5781516677606
Montenegro,2008,MNE,8.372666666666667,17391.0269689199,621312.0,17.15,1169.4890866011438
Montenegro,2009,MNE,8.368,16348.0915019537,622933.0,19.09,1009.2432828109106
Montenegro,2010,MNE,8.363333333333335,16764.3623723454,624279.0,19.65,908.5181266758572
Netherlands,2000,NLD,11.08,47422.2034047837,15926188.0,2.73,4814.594127779303
Netherlands,2001,NLD,11.006,48160.7843668965,16018112.0,2.12,4606.724260290526
Netherlands,2002,NLD,10.932,47958.3319661157,16110355.0,2.55,4856.293731615625
Netherlands,2003,NLD,10.858,47806.8844286609,16200948.0,3.59,4537.565236287793
Netherlands,2004,NLD,10.784,48586.7046242077,16287183.0,4.65,5129.551689464102
Netherlands,2005,NLD,10.71,49467.4354267059,16367153.0,5.87,4781.172332582942
Netherlands,2006,NLD,10.610000000000001,51097.3626113331,16440091.0,5.0,4668.975757517274
Netherlands,2007,NLD,10.510000000000002,52909.9697572206,16506651.0,4.15,5120.95984670836
Netherlands,2008,NLD,10.41,53848.2522316971,16568105.0,3.65,5939.184858919514
Netherlands,2009,NLD,10.31,51607.6057272318,16626379.0,4.35,5511.753295944943
Netherlands,2010,NLD,10.21,52032.9865022429,16682927.0,4.99,6136.841871483687
North Macedonia,2000,MKD,7.31,10182.126070975,2034823.0,32.2,625.4693260301402
North Macedonia,2001,MKD,7.254,9831.06140591258,2042844.0,30.52,674.4574869157981
North Macedonia,2002,MKD,7.1979999999999995,9948.26689783118,2048929.0,31.94,519.892616270695
North Macedonia,2003,MKD,7.142,10147.111273571,2053426.0,36.69,600.1469438857947
North Macedonia,2004,MKD,7.086,10602.7150656807,2057043.0,37.16,737.8311990123063
North Macedonia,2005,MKD,7.03,11086.1567452985,2060280.0,37.25,719.989633377985
North Macedonia,2006,MKD,6.8100000000000005,11639.5430449541,2063132.0,36.03,770.6966738944553
North Macedonia,2007,MKD,6.59,12379.370695841,2065408.0,34.93,761.4216292912324
North Macedonia,2008,MKD,6.37,13044.7636415746,2067309.0,33.76,789.0225775337879
North Macedonia,2009,MKD,6.1499999999999995,12987.1715790165,2069030.0,32.18,742.4379531326707
North Macedonia,2010,MKD,5.93,13412.3128319948,2070737.0,32.02,765.2807208992626
Norway,2000,NOR,7.95,57127.3997508609,4499375.0,3.46,6846.554183888931
Norway,2001,NOR,8.134,58018.329457927,4523139.0,3.74,6757.433564383626
Norway,2002,NOR,8.318,58540.8636369314,4546017.0,4.02,5401.955978829305
Norway,2003,NOR,8.501999999999999,58728.1752425985,4570096.0,4.22,6623.185285381569
Norway,2004,NOR,8.686,60699.5854473669,4598210.0,4.26,6582.0129925238825
Norway,2005,NOR,8.87,61870.3837851071,4632359.0,4.38,7028.880739473039
Norway,2006,NOR,8.883999999999999,62846.9582138128,4672986.0,3.4,6020.284761190627
Norway,2007,NOR,8.898,64062.4369139561,4719403.0,2.49,7237.894165105507
Norway,2008,NOR,8.911999999999999,63570.3612363011,4771014.0,2.55,6638.399594555521
Norway,2009,NOR,8.926,61689.5777152826,4826847.0,3.1,6869.414564861163
Norway,2010,NOR,8.94,61353.4963937525,4885878.0,3.52,6377.915620791401
Poland,2000,POL,9.17,16257.6458763574,38556699.0,16.31,851.1646665332019
Poland,2001,POL,9.456,16466.785996586,38529585.0,18.37,1136.071871340727
Poland,2002,POL,9.741999999999999,16809.8181953951,38488640.0,19.89,1079.6501284283238
Poland,2003,POL,10.028,17409.6390092938,38441821.0,19.37,1089.0423835174274
Poland,2004,POL,10.314,18287.8279317579,38399553.0,19.07,1174.120709358712
Poland,2005,POL,10.6,18937.4751533604,38368957.0,17.75,1054.9773617264361
Poland,2006,POL,10.722,20111.2996235069,38354447.0,13.84,1651.1713959549877
Poland,2007,POL,10.844,21543.1637013335,38353339.0,9.6,1852.7664031553861
Poland,2008,POL,10.966000000000001,22444.9073474414,38356786.0,7.12,1914.0951557429385
Poland,2009,POL,11.088000000000001,23064.9537007667,38351924.0,8.17,1640.0962263063323
Poland,2010,POL,11.21,23996.1397804791,38329784.0,9.64,1757.2532911715364
Portugal,2000,PRT,14.08,30383.1378175177,10297117.0,3.81,2504.0589407365874
Portugal,2001,PRT,13.938,30756.0189546063,10341456.0,3.83,2605.9607197512523
Portugal,2002,PRT,13.796,30823.8490440796,10385993.0,4.5,2301.9198841313064
Portugal,2003,PRT,13.654,30422.6020285721,10429615.0,6.13,2434.7226926606368
Portugal,2004,PRT,13.511999999999999,30892.8198811263,10470926.0,6.32,2631.345140594924
Portugal,2005,PRT,13.37,31076.6441205289,10508494.0,7.58,2580.614916922848
Portugal,2006,PRT,13.197999999999999,31524.7495680309,10542837.0,7.65,2417.164632191061
Portugal,2007,PRT,13.026,32251.5690977426,10573150.0,7.96,2713.2395126196557
Portugal,2008,PRT,12.854,32307.912767932,10595312.0,7.55,2651.0916909428743
Portugal,2009,PRT,12.682,31269.4104613004,10604066.0,9.43,2406.0973129225417
Portugal,2010,PRT,12.51,31798.1538079411,10596055.0,10.77,2750.5538116080193
Romania,2000,ROU,17.45,12109.5523994815,22137423.0,6.97,609.0951496270947
Romania,2001,ROU,17.128,12920.4896061334,21989354.0,6.56,869.6508934849185
Romania,2002,ROU,16.806,13909.6654206463,21853278.0,8.11,782.6483017414663
Romania,2003,ROU,16.483999999999998,14338.3562796148,21720403.0,6.95,805.5923478343673
Romania,2004,ROU,16.162,15924.0513339188,21577890.0,7.72,1025.5281447294315
Romania,2005,ROU,15.84,16770.6544964025,21417287.0,7.17,971.801192337551
Romania,2006,ROU,15.466,18224.7835861993,21234312.0,7.27,968.0293932701871
Romania,2007,ROU,15.092,19833.9678688588,21034196.0,6.41,1140.3422018215228
Romania,2008,ROU,14.718,22044.3066816204,20829521.0,5.79,1855.5668498950927
Romania,2009,ROU,14.344000000000001,21002.2761402342,20637995.0,6.86,1877.3641807784845
Romania,2010,ROU,13.97,20303.1627966692,20471860.0,6.96,1811.5641162191807
Russia,2000,RUS,15.73,14569.9365828201,146404890.0,11.434999999999999,739.6377960549497
Russia,2001,RUS,16.056,15378.0897391906,145830726.0,12.02,870.3740563019975
Russia,2002,RUS,16.382,16175.0971950813,145215707.0,12.75,1076.670601728959
Russia,2003,RUS,16.708,17434.8081359685,144610876.0,12.58,928.0618586532927
Russia,2004,RUS,17.034,18765.5185595709,144080649.0,12.45,1170.006748562672
Russia,2005,RUS,17.36,20042.8135032629,143672125.0,12.47,1735.5833487782877
Russia,2006,RUS,17.061999999999998,21757.4651663444,143403258.0,10.665,1742.5397638802015
Russia,2007,RUS,16.764,23647.2665058004,143266207.0,8.504999999999999,1848.9338526726478
Russia,2008,RUS,16.466,24887.8527197651,143248764.0,7.470000000000001,1812.2058486622848
Russia,2009,RUS,16.168,22939.69405447,143326904.0,9.1,1997.3497021336962
Russia,2010,RUS,15.87,23961.2202930302,143479273.0,10.405000000000001,1866.0561092326232
San Marino,2000,SMR,10.37,74121.588515005,27460.0,10.84,6824.131857158705
San Marino,2001,SMR,10.177999999999999,77249.235409883,27818.0,9.6,7076.261593419299
San Marino,2002,SMR,9.985999999999999,76507.4739407197,28175.0,9.21,8055.396318390239
San Marino,2003,SMR,9.794,78396.5433239533,28561.0,8.87,7507.842694131745
San Marino,2004,SMR,9.602,80883.7019038812,28942.0,7.87,9355.796051570038
San Marino,2005,SMR,9.41,81766.0041436084,29324.0,7.73,9775.704892691701
San Marino,2006,SMR,8.996,83839.8484765405,29694.0,6.78,8288.954498229814
San Marino,2007,SMR,8.582,88683.31526291,30068.0,6.08,9272.307847926784
San Marino,2008,SMR,8.168,87177.9006384265,30434.0,6.72,8003.62990316846
San Marino,2009,SMR,7.754,77188.6285312613,30825.0,7.75,7687.422709645605
San Marino,2010,SMR,7.34,72038.113620541,31221.0,8.36,6899.309228149573
Serbia,2000,SRB,11.030000000000001,8900.59392823903,9487612.0,12.6,456.1442886861916
Serbia,2001,SRB,10.961999999999998,9529.21682732296,9410769.0,12.8,605.041392967365
Serbia,2002,SRB,10.894,10146.5649268438,9346464.0,13.8,640.7147332632753
Serbia,2003,SRB,10.826,10614.3282507603,9292232.0,15.2,689.0338395152266
Serbia,2004,SRB,10.758000000000001,11599.6444276434,9242643.0,18.5,790.3907938659495
Serbia,2005,SRB,10.69,12277.9765389549,9193818.0,20.85,764.039727195197
Serbia,2006,SRB,10.518,12955.9531924689,9145913.0,20.85,810.2217813024163
Serbia,2007,SRB,10.346000000000002,13846.2823832913,9101189.0,18.06,788.7168689382582
Serbia,2008,SRB,10.174000000000001,14691.7802796575,9060105.0,13.7,972.6282759432542
Serbia,2009,SRB,10.002,14347.8562516811,9023354.0,16.14,730.2405333813572
Serbia,2010,SRB,9.83,14510.9633040097,8991258.0,19.22,825.0704532172457
Slovakia,2000,SVK,12.47,15660.6438507381,5399207.0,12.535,944.2496873457134
Slovakia,2001,SVK,12.388,16199.8277352896,5399995.0,13.18,1132.2517276019453
Slovakia,2002,SVK,12.306000000000001,16936.5056281646,5400124.0,13.455,1033.6311286713199
Slovakia,2003,SVK,12.224,17879.6227509471,5399844.0,13.455,1043.901417803848
Slovakia,2004,SVK,12.142000000000001,18827.2997506087,5399374.0,13.64,1316.6829146434688
Slovakia,2005,SVK,12.06,20072.3500036399,5398962.0,12.84,1591.145206770021
Slovakia,2006,SVK,12.048,21776.1292378063,5398674.0,10.495000000000001,1888.7726333076725
Slovakia,2007,SVK,12.036,24127.8846772888,5398693.0,7.46,1794.220257060884
Slovakia,2008,SVK,12.024000000000001,25451.1517570416,5399362.0,5.755,1860.3202136013692
Slovakia,2009,SVK,12.012,24030.6118201304,5401149.0,7.415,1890.5792549343364
Slovakia,2010,SVK,12.0,25417.8123610242,5404293.0,8.46,2108.2644532488985
Slovenia,2000,SVN,12.6,26281.0684547863,1987710.0,6.92,2357.73884375248
Slovenia,2001,SVN,12.54,27083.7247430352,1987457.0,5.68,2029.7185162937092
Slovenia,2002,SVN,12.48,27998.4553568224,1987265.0,5.92,2229.0247101701416
Slovenia,2003,SVN,12.42,28809.9058278013,1987855.0,6.48,2304.455964590146
Slovenia,2004,SVN,12.360000000000001,30046.5293242893,1990226.0,6.01,2183.964527676467
Slovenia,2005,SVN,12.3,31133.7151910898,1994979.0,6.51,2441.5850230295805
Slovenia,2006,SVN,12.148,32817.8881074677,2002427.0,5.95,2675.239867507213
Slovenia,2007,SVN,11.996,34912.8471788592,2012128.0,4.82,3018.8514118973035
Slovenia,2008,SVN,11.844,36081.1286420955,2023049.0,4.37,2972.6175098071017
Slovenia,2009,SVN,11.692,33057.4147493548,2033807.0,5.86,2834.2800573949016
Slovenia,2010,SVN,11.54,33355.8476287757,2043336.0,7.24,2924.9872194212085
Spain,2000,ESP,12.43,34757.615021513,40824745.0,13.79,2604.157581101514
Spain,2001,ESP,12.51,35874.7529283016,41319431.0,10.35,3073.5183944747196
Spain,2002,ESP,12.59,36337.5551952878,41919593.0,11.15,2612.006549292778
Spain,2003,ESP,12.67,36750.4418480689,42596455.0,11.28,2776.6838592421436
Spain,2004,ESP,12.75,37249.7735119425,43308345.0,11.09,2782.821242252487
Spain,2005,ESP,12.83,37963.3658355296,44019118.0,9.15,3369.65883265338
Spain,2006,ESP,12.27,38858.4710684887,44728561.0,8.45,3231.9415304299064
Spain,2007,ESP,11.709999999999999,39520.8222657597,45429071.0,8.23,3087.8135578161623
Spain,2008,ESP,11.149999999999999,39240.3951876123,46068811.0,11.25,3309.3850960305217
Spain,2009,ESP,10.59,37430.6785045715,46583566.0,17.86,3330.554821776639
Spain,2010,ESP,10.03,37319.4762230353,46931011.0,19.86,3033.167391349925
Sweden,2000,SWE,8.53,40625.3620520538,8881642.0,5.47,4332.725812315533
Sweden,2001,SWE,8.552,41103.7264589774,8897802.0,4.73,4870.453446951775
Sweden,2002,SWE,8.574,41870.2591560099,8920703.0,4.97,4218.981608112312
Sweden,2003,SWE,8.596,42678.2841388566,8951439.0,5.55,5067.526008718537
Sweden,2004,SWE,8.618,44354.3910620977,8990653.0,6.69,5011.594529207368
Sweden,2005,SWE,8.64,45440.2967492535,9038627.0,7.49,4966.506712675724
Sweden,2006,SWE,8.81,47292.3136933265,9096170.0,7.07,5156.7802544516735
Sweden,2007,SWE,8.98,48557.3843477247,9162941.0,6.16,5409.209328839693
Sweden,2008,SWE,9.15,47963.4937520407,9236433.0,6.23,4585.363402443352
Sweden,2009,SWE,9.32,45492.768174936,9313085.0,8.35,5121.536548705449
Sweden,2010,SWE,9.49,47791.3715245947,9390157.0,8.61,5582.978260385795
Switzerland,2000,CHE,12.49,59389.4240602209,7143764.0,2.67,5847.528450181497
Switzerland,2001,CHE,12.32,59944.7769214821,7179174.0,2.49,6158.312808170572
Switzerland,2002,CHE,12.15,59489.7480583928,7220378.0,2.92,5857.200245185712
Switzerland,2003,CHE,11.98,59022.3524143811,7268363.0,4.12,6427.35370552362
Switzerland,2004,CHE,11.81,60271.9324146596,7323728.0,4.32,5913.636722649315
Switzerland,2005,CHE,11.64,61613.3910520748,7386818.0,4.44,7039.686948108324
Switzerland,2006,CHE,11.594000000000001,63686.2482388777,7457961.0,4.0,6557.593196651448
Switzerland,2007,CHE,11.548,65641.7106078648,7536986.0,3.65,5972.28400739571
Switzerland,2008,CHE,11.502,66598.8593697765,7622826.0,3.35,6120.643968023932
Switzerland,2009,CHE,11.456,64404.0798614014,7713902.0,4.12,7436.401266668893
Switzerland,2010,CHE,11.41,65819.7372527487,7808674.0,4.8,6833.24379180967
Ukraine,2000,UKR,12.46,7221.46560780007,48838058.0,11.71,426.40337146890323
Ukraine,2001,UKR,12.370000000000001,7969.42102827251,48401648.0,11.06,545.8742020639315
Ukraine,2002,UKR,12.280000000000001,8467.79599207072,47980033.0,10.14,438.792760903454
Ukraine,2003,UKR,12.19,9349.13468844413,47582463.0,9.06,523.6316653353904
Ukraine,2004,UKR,12.1,10561.0095264702,47217489.0,8.59,543.4691791595346
Ukraine,2005,UKR,12.01,10957.5582756783,46890775.0,7.18,726.3485677825098
Ukraine,2006,UKR,12.322,11852.6523644491,46607397.0,6.81,731.9895160167531
Ukraine,2007,UKR,12.634,12829.03064807,46366347.0,6.35,769.6819089151284
Ukraine,2008,UKR,12.946,13195.8768378635,46158709.0,6.36,877.2555407640544
Ukraine,2009,UKR,13.258000000000001,11298.3909564957,45970942.0,8.84,773.2683679279563
Ukraine,2010,UKR,13.57,11778.3136960259,45792086.0,8.1,660.8567344342027
United Kingdom,2000,GBR,13.73,38280.8002708435,58923305.0,5.56,3002.898673149448
United Kingdom,2001,GBR,13.762,39174.8900239894,59124277.0,4.7,3505.932571610593
United Kingdom,2002,GBR,13.794,39859.3138065232,59326294.0,5.04,3568.0882271445753
United Kingdom,2003,GBR,13.826,40992.0720379492,59561429.0,4.81,4324.024339296351
United Kingdom,2004,GBR,13.858,41691.3885018648,59872760.0,4.59,3923.3454026533946
United Kingdom,2005,GBR,13.89,42629.9482187521,60287953.0,4.75,4750.185315133669
United Kingdom,2006,GBR,13.524000000000001,43457.7017735188,60821349.0,5.35,4056.8126054223058
United Kingdom,2007,GBR,13.158000000000001,44138.5205042745,61455154.0,5.26,5135.6269807471035
United Kingdom,2008,GBR,12.792000000000002,43670.4145844224,62145098.0,5.62,5020.4461491992415
United Kingdom,2009,GBR,12.426,41558.3008322127,62828620.0,7.54,3966.8563674453026
United Kingdom,2010,GBR,12.06,42089.0136357977,63459801.0,7.79,4005.7226100548237
Vatican City,2000,VA,10.37,43053.93306429,900.0,10.84,4232.907362917888
Czech Republic,2000,CZ,10.087000000000002,17883.41046399314,11567009.7,8.76,976.0845242899893
Vatican City,2001,VA,10.177999999999999,43869.4279411713,900.0,9.6,5249.731969449315
Czech Republic,2001,CZ,10.4016,18113.4645962446,11558875.5,7.99,1252.8931122578792
Vatican City,2002,VA,9.985999999999999,43915.385340484,900.0,9.21,4354.164061574646
Czech Republic,2002,CZ,10.7162,18490.80001493461,11546592.0,7.02,1258.7619328648434
Vatican City,2003,VA,9.794,43781.2199783421,900.0,8.87,4365.901755411781
Czech Republic,2003,CZ,11.030800000000001,19150.602910223184,11532546.299999999,7.54,1202.722985760615
Vatican City,2004,VA,9.602,44118.0366368665,900.0,7.87,4729.408039607704
Czech Republic,2004,CZ,11.345400000000001,20116.610724933693,11519865.9,8.21,1452.5860283798902
Vatican City,2005,VA,9.41,44260.8274173515,900.0,7.73,5228.771814917495
Czech Republic,2005,CZ,11.66,20831.222668696442,11510687.1,7.93,1679.0625154878312
Vatican City,2006,VA,8.996,44918.1703531499,900.0,6.78,5088.599729285401
Czech Republic,2006,CZ,11.7942,22122.429585857593,11506334.1,7.15,1588.8293379520155
Vatican City,2007,VA,8.582,45356.5367193485,900.0,6.08,5387.338523596533
Czech Republic,2007,CZ,11.9284,23697.48007146685,11506001.7,5.32,1710.4351653450544
Vatican City,2008,VA,8.168,44623.6020153057,900.0,6.72,5204.042459759739
Czech Republic,2008,CZ,12.062600000000002,24689.39808218554,11507035.799999999,4.39,2082.9825701091977
Vatican City,2009,VA,7.754,42074.9212455091,900.0,7.75,4961.659742662173
Czech Republic,2009,CZ,12.196800000000001,25371.44907084337,11505577.2,6.66,2073.3950542137027
Vatican City,2010,VA,7.34,42664.3552727925,900.0,8.36,4810.218841315235
Czech Republic,2010,CZ,12.331000000000001,26395.753758527015,11498935.2,7.28,1861.2645698554734
